{
  "Amsterdam, Netherlands": [
    52.3730796,
    4.8924534
  ],
  "San Luis Obispo, California": [
    35.2827525,
    -120.659615
  ]
}
