{
  "Amsterdam, Netherlands": [
    52.3730796,
    4.8924534
  ],
  "San Luis Obispo, California": [
    35.2827525,
    -120.659615
  ],
  "Xcel Energy Center, St Paul, Minnesota": [
    44.9447277,
    -93.1010971
  ],
  "Minneapolis Armory, Minnesota": [
    44.9752066,
    -93.2635039
  ],
  "Royal Albert Hall, London, United Kingdom": [
    51.501007,
    -0.1774058
  ],
  "First Avenue, Minneapolis, Minnesota": [
    44.9782606,
    -93.2760295
  ],
  "34 S Chestnut St, Ventura, CA 93001": [
    34.280321,
    -119.2914067
  ],
  "Utepils Brewing, Minneapolis, Minnesota": [
    44.9787458,
    -93.3123529
  ],
  "Fremont Theatre, San Luis Obispo, California": [
    35.2818923,
    -120.6605451
  ],
  "Mystic Lake Casino Hotel, Prior Lake, Minnesota": [
    44.730983,
    -93.4737521
  ]
}
